{"cameraMode":{"drawMode":0,"name":"Shaded","section":"Shading Mode"},"sceneLighting":true,"audioPlay":false,"sceneViewState":{"m_AlwaysRefresh":false,"showFog":true,"showSkybox":true,"showFlares":true,"showImageEffects":true,"showParticleSystems":true,"showVisualEffectGraphs":true,"m_FxEnabled":true},"in2DMode":false,"pivot":{"x":-3.5142323970794679,"y":-1.4283256530761719,"z":15.599334716796875},"rotation":{"x":0.19604791700839997,"y":-0.02647246979176998,"z":0.005294272676110268,"w":0.9802260994911194},"size":33.373809814453128,"orthographic":false}