{"cameraMode":{"drawMode":0,"name":"Shaded","section":"Shading Mode"},"sceneLighting":false,"audioPlay":false,"sceneViewState":{"m_AlwaysRefresh":false,"showFog":true,"showSkybox":false,"showFlares":true,"showImageEffects":true,"showParticleSystems":true,"showVisualEffectGraphs":true,"m_FxEnabled":true},"in2DMode":false,"pivot":{"x":-25.299999237060548,"y":-7.500002861022949,"z":17.299999237060548},"rotation":{"x":0.17893187701702119,"y":0.35943740606307986,"z":-0.07043243944644928,"w":0.91314297914505},"size":0.000016797937860246748,"orthographic":false}