{"cameraMode":{"drawMode":0,"name":"Shaded","section":"Shading Mode"},"sceneLighting":false,"audioPlay":false,"sceneViewState":{"m_AlwaysRefresh":false,"showFog":true,"showSkybox":false,"showFlares":true,"showImageEffects":true,"showParticleSystems":true,"showVisualEffectGraphs":true,"m_FxEnabled":true},"in2DMode":false,"pivot":{"x":-1.69679856300354,"y":2.377631187438965,"z":0.0006129592657089233},"rotation":{"x":0.24349908530712129,"y":0.01454788539558649,"z":-0.0036527649499475958,"w":0.9697854518890381},"size":2.003607749938965,"orthographic":false}