{"cameraMode":{"drawMode":0,"name":"Shaded","section":"Shading Mode"},"sceneLighting":false,"audioPlay":false,"sceneViewState":{"m_AlwaysRefresh":false,"showFog":true,"showSkybox":false,"showFlares":true,"showImageEffects":true,"showParticleSystems":true,"showVisualEffectGraphs":true,"m_FxEnabled":true},"in2DMode":false,"pivot":{"x":-19.6200008392334,"y":1.590000033378601,"z":10.029999732971192},"rotation":{"x":0.05646224692463875,"y":0.13288770616054536,"z":-0.007582814432680607,"w":0.9894928932189941},"size":0.4330126941204071,"orthographic":false}